{"class_name": "Model", "keras_version": "2.2.2", "config": {"layers": [{"class_name": "InputLayer", "config": {"dtype": "float32", "batch_input_shape": [null, 224, 224, 3], "name": "input_1", "sparse": false}, "inbound_nodes": [], "name": "input_1"}, {"class_name": "Conv2D", "config": {"kernel_constraint": null, "kernel_initializer": {"class_name": "VarianceScaling", "config": {"distribution": "uniform", "scale": 1.0, "seed": null, "mode": "fan_avg"}}, "name": "block1_conv1", "bias_regularizer": null, "bias_constraint": null, "activation": "relu", "trainable": true, "data_format": "channels_last", "padding": "same", "strides": [1, 1], "dilation_rate": [1, 1], "kernel_regularizer": null, "filters": 64, "bias_initializer": {"class_name": "Zeros", "config": {}}, "use_bias": true, "activity_regularizer": null, "kernel_size": [3, 3]}, "inbound_nodes": [[["input_1", 0, 0, {}]]], "name": "block1_conv1"}, {"class_name": "Conv2D", "config": {"kernel_constraint": null, "kernel_initializer": {"class_name": "VarianceScaling", "config": {"distribution": "uniform", "scale": 1.0, "seed": null, "mode": "fan_avg"}}, "name": "block1_conv2", "bias_regularizer": null, "bias_constraint": null, "activation": "relu", "trainable": true, "data_format": "channels_last", "padding": "same", "strides": [1, 1], "dilation_rate": [1, 1], "kernel_regularizer": null, "filters": 64, "bias_initializer": {"class_name": "Zeros", "config": {}}, "use_bias": true, "activity_regularizer": null, "kernel_size": [3, 3]}, "inbound_nodes": [[["block1_conv1", 0, 0, {}]]], "name": "block1_conv2"}, {"class_name": "MaxPooling2D", "config": {"name": "block1_pool", "trainable": true, "data_format": "channels_last", "pool_size": [2, 2], "padding": "valid", "strides": [2, 2]}, "inbound_nodes": [[["block1_conv2", 0, 0, {}]]], "name": "block1_pool"}, {"class_name": "Conv2D", "config": {"kernel_constraint": null, "kernel_initializer": {"class_name": "VarianceScaling", "config": {"distribution": "uniform", "scale": 1.0, "seed": null, "mode": "fan_avg"}}, "name": "block2_conv1", "bias_regularizer": null, "bias_constraint": null, "activation": "relu", "trainable": true, "data_format": "channels_last", "padding": "same", "strides": [1, 1], "dilation_rate": [1, 1], "kernel_regularizer": null, "filters": 128, "bias_initializer": {"class_name": "Zeros", "config": {}}, "use_bias": true, "activity_regularizer": null, "kernel_size": [3, 3]}, "inbound_nodes": [[["block1_pool", 0, 0, {}]]], "name": "block2_conv1"}, {"class_name": "Conv2D", "config": {"kernel_constraint": null, "kernel_initializer": {"class_name": "VarianceScaling", "config": {"distribution": "uniform", "scale": 1.0, "seed": null, "mode": "fan_avg"}}, "name": "block2_conv2", "bias_regularizer": null, "bias_constraint": null, "activation": "relu", "trainable": true, "data_format": "channels_last", "padding": "same", "strides": [1, 1], "dilation_rate": [1, 1], "kernel_regularizer": null, "filters": 128, "bias_initializer": {"class_name": "Zeros", "config": {}}, "use_bias": true, "activity_regularizer": null, "kernel_size": [3, 3]}, "inbound_nodes": [[["block2_conv1", 0, 0, {}]]], "name": "block2_conv2"}, {"class_name": "MaxPooling2D", "config": {"name": "block2_pool", "trainable": true, "data_format": "channels_last", "pool_size": [2, 2], "padding": "valid", "strides": [2, 2]}, "inbound_nodes": [[["block2_conv2", 0, 0, {}]]], "name": "block2_pool"}, {"class_name": "Conv2D", "config": {"kernel_constraint": null, "kernel_initializer": {"class_name": "VarianceScaling", "config": {"distribution": "uniform", "scale": 1.0, "seed": null, "mode": "fan_avg"}}, "name": "block3_conv1", "bias_regularizer": null, "bias_constraint": null, "activation": "relu", "trainable": true, "data_format": "channels_last", "padding": "same", "strides": [1, 1], "dilation_rate": [1, 1], "kernel_regularizer": null, "filters": 256, "bias_initializer": {"class_name": "Zeros", "config": {}}, "use_bias": true, "activity_regularizer": null, "kernel_size": [3, 3]}, "inbound_nodes": [[["block2_pool", 0, 0, {}]]], "name": "block3_conv1"}, {"class_name": "Conv2D", "config": {"kernel_constraint": null, "kernel_initializer": {"class_name": "VarianceScaling", "config": {"distribution": "uniform", "scale": 1.0, "seed": null, "mode": "fan_avg"}}, "name": "block3_conv2", "bias_regularizer": null, "bias_constraint": null, "activation": "relu", "trainable": true, "data_format": "channels_last", "padding": "same", "strides": [1, 1], "dilation_rate": [1, 1], "kernel_regularizer": null, "filters": 256, "bias_initializer": {"class_name": "Zeros", "config": {}}, "use_bias": true, "activity_regularizer": null, "kernel_size": [3, 3]}, "inbound_nodes": [[["block3_conv1", 0, 0, {}]]], "name": "block3_conv2"}, {"class_name": "Conv2D", "config": {"kernel_constraint": null, "kernel_initializer": {"class_name": "VarianceScaling", "config": {"distribution": "uniform", "scale": 1.0, "seed": null, "mode": "fan_avg"}}, "name": "block3_conv3", "bias_regularizer": null, "bias_constraint": null, "activation": "relu", "trainable": true, "data_format": "channels_last", "padding": "same", "strides": [1, 1], "dilation_rate": [1, 1], "kernel_regularizer": null, "filters": 256, "bias_initializer": {"class_name": "Zeros", "config": {}}, "use_bias": true, "activity_regularizer": null, "kernel_size": [3, 3]}, "inbound_nodes": [[["block3_conv2", 0, 0, {}]]], "name": "block3_conv3"}, {"class_name": "MaxPooling2D", "config": {"name": "block3_pool", "trainable": true, "data_format": "channels_last", "pool_size": [2, 2], "padding": "valid", "strides": [2, 2]}, "inbound_nodes": [[["block3_conv3", 0, 0, {}]]], "name": "block3_pool"}, {"class_name": "Conv2D", "config": {"kernel_constraint": null, "kernel_initializer": {"class_name": "VarianceScaling", "config": {"distribution": "uniform", "scale": 1.0, "seed": null, "mode": "fan_avg"}}, "name": "block4_conv1", "bias_regularizer": null, "bias_constraint": null, "activation": "relu", "trainable": true, "data_format": "channels_last", "padding": "same", "strides": [1, 1], "dilation_rate": [1, 1], "kernel_regularizer": null, "filters": 512, "bias_initializer": {"class_name": "Zeros", "config": {}}, "use_bias": true, "activity_regularizer": null, "kernel_size": [3, 3]}, "inbound_nodes": [[["block3_pool", 0, 0, {}]]], "name": "block4_conv1"}, {"class_name": "Conv2D", "config": {"kernel_constraint": null, "kernel_initializer": {"class_name": "VarianceScaling", "config": {"distribution": "uniform", "scale": 1.0, "seed": null, "mode": "fan_avg"}}, "name": "block4_conv2", "bias_regularizer": null, "bias_constraint": null, "activation": "relu", "trainable": true, "data_format": "channels_last", "padding": "same", "strides": [1, 1], "dilation_rate": [1, 1], "kernel_regularizer": null, "filters": 512, "bias_initializer": {"class_name": "Zeros", "config": {}}, "use_bias": true, "activity_regularizer": null, "kernel_size": [3, 3]}, "inbound_nodes": [[["block4_conv1", 0, 0, {}]]], "name": "block4_conv2"}, {"class_name": "Conv2D", "config": {"kernel_constraint": null, "kernel_initializer": {"class_name": "VarianceScaling", "config": {"distribution": "uniform", "scale": 1.0, "seed": null, "mode": "fan_avg"}}, "name": "block4_conv3", "bias_regularizer": null, "bias_constraint": null, "activation": "relu", "trainable": true, "data_format": "channels_last", "padding": "same", "strides": [1, 1], "dilation_rate": [1, 1], "kernel_regularizer": null, "filters": 512, "bias_initializer": {"class_name": "Zeros", "config": {}}, "use_bias": true, "activity_regularizer": null, "kernel_size": [3, 3]}, "inbound_nodes": [[["block4_conv2", 0, 0, {}]]], "name": "block4_conv3"}, {"class_name": "MaxPooling2D", "config": {"name": "block4_pool", "trainable": true, "data_format": "channels_last", "pool_size": [2, 2], "padding": "valid", "strides": [2, 2]}, "inbound_nodes": [[["block4_conv3", 0, 0, {}]]], "name": "block4_pool"}, {"class_name": "Conv2D", "config": {"kernel_constraint": null, "kernel_initializer": {"class_name": "VarianceScaling", "config": {"distribution": "uniform", "scale": 1.0, "seed": null, "mode": "fan_avg"}}, "name": "block5_conv1", "bias_regularizer": null, "bias_constraint": null, "activation": "relu", "trainable": true, "data_format": "channels_last", "padding": "same", "strides": [1, 1], "dilation_rate": [1, 1], "kernel_regularizer": null, "filters": 512, "bias_initializer": {"class_name": "Zeros", "config": {}}, "use_bias": true, "activity_regularizer": null, "kernel_size": [3, 3]}, "inbound_nodes": [[["block4_pool", 0, 0, {}]]], "name": "block5_conv1"}, {"class_name": "Conv2D", "config": {"kernel_constraint": null, "kernel_initializer": {"class_name": "VarianceScaling", "config": {"distribution": "uniform", "scale": 1.0, "seed": null, "mode": "fan_avg"}}, "name": "block5_conv2", "bias_regularizer": null, "bias_constraint": null, "activation": "relu", "trainable": true, "data_format": "channels_last", "padding": "same", "strides": [1, 1], "dilation_rate": [1, 1], "kernel_regularizer": null, "filters": 512, "bias_initializer": {"class_name": "Zeros", "config": {}}, "use_bias": true, "activity_regularizer": null, "kernel_size": [3, 3]}, "inbound_nodes": [[["block5_conv1", 0, 0, {}]]], "name": "block5_conv2"}, {"class_name": "Conv2D", "config": {"kernel_constraint": null, "kernel_initializer": {"class_name": "VarianceScaling", "config": {"distribution": "uniform", "scale": 1.0, "seed": null, "mode": "fan_avg"}}, "name": "block5_conv3", "bias_regularizer": null, "bias_constraint": null, "activation": "relu", "trainable": true, "data_format": "channels_last", "padding": "same", "strides": [1, 1], "dilation_rate": [1, 1], "kernel_regularizer": null, "filters": 512, "bias_initializer": {"class_name": "Zeros", "config": {}}, "use_bias": true, "activity_regularizer": null, "kernel_size": [3, 3]}, "inbound_nodes": [[["block5_conv2", 0, 0, {}]]], "name": "block5_conv3"}, {"class_name": "MaxPooling2D", "config": {"name": "block5_pool", "trainable": true, "data_format": "channels_last", "pool_size": [2, 2], "padding": "valid", "strides": [2, 2]}, "inbound_nodes": [[["block5_conv3", 0, 0, {}]]], "name": "block5_pool"}, {"class_name": "Flatten", "config": {"trainable": true, "name": "flatten", "data_format": "channels_last"}, "inbound_nodes": [[["block5_pool", 0, 0, {}]]], "name": "flatten"}, {"class_name": "Dense", "config": {"kernel_initializer": {"class_name": "VarianceScaling", "config": {"distribution": "uniform", "scale": 1.0, "seed": null, "mode": "fan_avg"}}, "name": "fc1", "kernel_constraint": null, "bias_regularizer": null, "bias_constraint": null, "activation": "relu", "trainable": true, "kernel_regularizer": null, "bias_initializer": {"class_name": "Zeros", "config": {}}, "units": 4096, "use_bias": true, "activity_regularizer": null}, "inbound_nodes": [[["flatten", 0, 0, {}]]], "name": "fc1"}, {"class_name": "Dense", "config": {"kernel_initializer": {"class_name": "VarianceScaling", "config": {"distribution": "uniform", "scale": 1.0, "seed": null, "mode": "fan_avg"}}, "name": "fc2", "kernel_constraint": null, "bias_regularizer": null, "bias_constraint": null, "activation": "relu", "trainable": true, "kernel_regularizer": null, "bias_initializer": {"class_name": "Zeros", "config": {}}, "units": 4096, "use_bias": true, "activity_regularizer": null}, "inbound_nodes": [[["fc1", 0, 0, {}]]], "name": "fc2"}, {"class_name": "Dense", "config": {"kernel_initializer": {"class_name": "VarianceScaling", "config": {"distribution": "uniform", "scale": 1.0, "seed": null, "mode": "fan_avg"}}, "name": "predictions", "kernel_constraint": null, "bias_regularizer": null, "bias_constraint": null, "activation": "softmax", "trainable": true, "kernel_regularizer": null, "bias_initializer": {"class_name": "Zeros", "config": {}}, "units": 1000, "use_bias": true, "activity_regularizer": null}, "inbound_nodes": [[["fc2", 0, 0, {}]]], "name": "predictions"}], "input_layers": [["input_1", 0, 0]], "output_layers": [["predictions", 0, 0]], "name": "vgg16"}, "backend": "tensorflow"}